"Campaign name","Ad name","Ad set name",Age,Gender,Reach,Impressions,"Post engagements","Messaging conversations started","Clicks (all)",Currency,"Cost per post engagement","Cost per messaging conversation started","CTR (all)","Amount spent (THB)","Reporting starts","Reporting ends"
"2200 | BU DIA | Message | Shine Your way | เปล่งประกายในงบที่คุณเข้าถึง | 1 - 31 May 26","Shine Your way | เปล่งประกายในงบที่คุณเข้าถึง","2200 | BU DIA | Message | Shine Your way | เปล่งประกายในงบที่คุณเข้าถึง | 1 - 31 May 26 [BKK]",35-44,female,9937,31445,2483,59,2990,THB,1.09020163,45.88085862,9.50866592,2706.97065875,2026-05-01,2026-05-31
"2200 | BU DIA | Engage | Wedding Package Aurora Diamond | 3 - 31 May 26","Wedding Package Aurora Diamond | 3 - 31 May 26","2200 | BU DIA | Engage | Wedding Package Aurora Diamond | 3 - 31 May 26 [BKK]",25-34,female,7737,23787,1921,57,2484,THB,1.31540241,44.33136893,10.44267877,2526.8880292,2026-05-01,2026-05-31
"2200 | BU DIA | Message | May Your Diamond Shine Forever - B | 16 - 31 May 26","May Your Diamond Shine Forever - B | 16 - 31 May 26","2200 | BU DIA | Message | May Your Diamond Shine Forever - B | 16 - 31 May 26",35-44,female,12761,35125,2040,53,2687,THB,1.0615098,40.85811321,7.64982206,2165.48,2026-05-01,2026-05-31
"2200 | BU DIA | Message | May Your Diamond Shine Forever - A | 16 - 31 May 26","May Your Diamond Shine Forever - A | 16 - 31 May 26","2200 | BU DIA | Message | May Your Diamond Shine Forever - A | 16 - 31 May 26",35-44,female,11259,31356,1872,65,2524,THB,1.08191815,31.15924284,8.04949611,2025.35078429,2026-05-01,2026-05-31
"2200 | BU DIA | Message | Pearl of Grace | 1 - 31 May 26","Pearl of Grace | 1 - 31 May 26","2200 | BU DIA | Message | Pearl of Grace | 1 - 31 May 26 [BKK]",35-44,female,8788,24509,1504,36,1933,THB,1.29141732,53.95254565,7.88689869,1942.29164326,2026-05-01,2026-05-31
"2200 | BU DIA | Message | Summer Shine | LEVA Collection | 2 - 31 May 26","Summer Shine | LEVA Collection","2200 | BU DIA | Message | Summer Shine | LEVA Collection | 2 - 31 May 26",35-44,female,6340,19561,1041,13,1280,THB,1.74394776,139.64997043,6.54363274,1815.44961559,2026-05-01,2026-05-31
"2200 | BU DIA | Message | Shine Your way | เปล่งประกายในงบที่คุณเข้าถึง | 1 - 31 May 26","Shine Your way | เปล่งประกายในงบที่คุณเข้าถึง","2200 | BU DIA | Message | Shine Your way | เปล่งประกายในงบที่คุณเข้าถึง | 1 - 31 May 26 [BKK]",45-54,female,5348,15360,1553,35,1846,THB,1.03376506,45.86963269,12.01822917,1605.43714422,2026-05-01,2026-05-31
"2200 | BU DIA | Message | Summer Shine | LEVA Collection | 2 - 31 May 26","Summer Shine | LEVA Collection","2200 | BU DIA | Message | Summer Shine | LEVA Collection | 2 - 31 May 26",25-34,female,5476,17314,668,15,988,THB,2.28446688,101.73492524,5.70636479,1526.02387857,2026-05-01,2026-05-31
"2200 | BU DIA | Engage | Wedding Package Aurora Diamond | 3 - 31 May 26","Wedding Package Aurora Diamond | 3 - 31 May 26","2200 | BU DIA | Engage | Wedding Package Aurora Diamond | 3 - 31 May 26 [BKK]",35-44,female,3734,10579,953,18,1171,THB,1.5930502,84.34315779,11.06909916,1518.17684019,2026-05-01,2026-05-31
"2200 | BU DIA | Message | Shine Your way | เปล่งประกายในงบที่คุณเข้าถึง | 1 - 31 May 26","Shine Your way | เปล่งประกายในงบที่คุณเข้าถึง","2200 | BU DIA | Message | Shine Your way | เปล่งประกายในงบที่คุณเข้าถึง | 1 - 31 May 26 [BKK]",25-34,female,6528,19673,1176,30,1536,THB,1.25771149,49.30229035,7.80765516,1479.0687106,2026-05-01,2026-05-31
"2200 | BU DIA x Pearl | Message | Pearl of Grace | 1 - 31 May 26","[Page Pearl]  Pearl of Grace | 1 - 31 May 26","2200 | BU DIA x Pearl | Message | Pearl of Grace | 1 - 31 May 26 [BKK]",35-44,female,12185,23803,1039,25,880,THB,1.29907215,53.98943872,3.69701298,1349.73596794,2026-05-01,2026-05-31
"2200 | BU DIA | Message | Shine Your way | เปล่งประกายในงบที่คุณเข้าถึง | 1 - 31 May 26","Shine Your way | เปล่งประกายในงบที่คุณเข้าถึง","2200 | BU DIA | Message | Shine Your way | เปล่งประกายในงบที่คุณเข้าถึง | 1 - 31 May 26 [Other Province]",35-44,female,6317,16885,1152,13,1391,THB,1.09597128,97.11991626,8.23808114,1262.55891142,2026-05-01,2026-05-31
"2200 | BU DIA | Message | Pearl of Grace | 1 - 31 May 26","Pearl of Grace | 1 - 31 May 26","2200 | BU DIA | Message | Pearl of Grace | 1 - 31 May 26 [Other Province]",35-44,female,6441,17564,1027,27,1250,THB,1.19738094,45.54482335,7.11682988,1229.71023047,2026-05-01,2026-05-31
"2200 | BU DIA | Message | May Your Diamond Shine Forever - A | 16 - 31 May 26","May Your Diamond Shine Forever - A | 16 - 31 May 26","2200 | BU DIA | Message | May Your Diamond Shine Forever - A | 16 - 31 May 26",45-54,female,5502,14110,1091,34,1384,THB,1.0966978,35.19109691,9.80864635,1196.49729488,2026-05-01,2026-05-31
"2200 | BU DIA | Message | May Your Diamond Shine Forever - A | 16 - 31 May 26","May Your Diamond Shine Forever - A | 16 - 31 May 26","2200 | BU DIA | Message | May Your Diamond Shine Forever - A | 16 - 31 May 26",25-34,female,7103,20840,811,31,1190,THB,1.43260027,37.47867166,5.71017274,1161.83882157,2026-05-01,2026-05-31
"2200 | BU DIA | Message | May Your Diamond Shine Forever - B | 16 - 31 May 26","May Your Diamond Shine Forever - B | 16 - 31 May 26","2200 | BU DIA | Message | May Your Diamond Shine Forever - B | 16 - 31 May 26",45-54,female,5803,15346,1135,40,1453,THB,1.01181498,28.71025,9.46826535,1148.41,2026-05-01,2026-05-31
"2200 | BU DIA | Message | Pearl of Grace | 1 - 31 May 26","Pearl of Grace | 1 - 31 May 26","2200 | BU DIA | Message | Pearl of Grace | 1 - 31 May 26 [BKK]",25-34,female,6313,16705,882,24,1148,THB,1.23339834,45.32738906,6.87219395,1087.85733739,2026-05-01,2026-05-31
"2200 | BU DIA | Message | May Your Diamond Shine Forever - B | 16 - 31 May 26","May Your Diamond Shine Forever - B | 16 - 31 May 26","2200 | BU DIA | Message | May Your Diamond Shine Forever - B | 16 - 31 May 26",25-34,female,7399,19855,855,38,1218,THB,1.23327485,27.74868421,6.13447494,1054.45,2026-05-01,2026-05-31
"2200 | BU DIA | Message | Summer Shine | LEVA Collection | 2 - 31 May 26","Summer Shine | LEVA Collection","2200 | BU DIA | Message | Summer Shine | LEVA Collection | 2 - 31 May 26 - Copy",35-44,female,4319,12594,566,11,796,THB,1.82459271,93.88358874,6.32047007,1032.71947611,2026-05-01,2026-05-31
"2200 | BU DIA | Message | Pearl of Grace | 1 - 31 May 26","Pearl of Grace | 1 - 31 May 26","2200 | BU DIA | Message | Pearl of Grace | 1 - 31 May 26 [BKK]",45-54,female,3470,9910,752,9,922,THB,1.34409539,112.3066367,9.3037336,1010.75973028,2026-05-01,2026-05-31
"2200 | BU DIA | Engage | Wedding Package Aurora Diamond | 3 - 31 May 26","Wedding Package Aurora Diamond | 3 - 31 May 26","2200 | BU DIA | Engage | Wedding Package Aurora Diamond | 3 - 31 May 26 [Other Province]",25-34,female,4125,11525,842,27,1071,THB,1.12594222,35.11271653,9.29284165,948.04334623,2026-05-01,2026-05-31
"2200 | BU DIA x Pearl | Message | Pearl of Grace | 1 - 31 May 26","[Page Pearl]  Pearl of Grace | 1 - 31 May 26","2200 | BU DIA x Pearl | Message | Pearl of Grace | 1 - 31 May 26 [BKK]",25-34,female,12885,21763,911,18,622,THB,1.02534017,51.89360509,2.85806185,934.08489162,2026-05-01,2026-05-31
"2200 | BU DIA x Pearl | Message | Pearl of Grace | 1 - 31 May 26","[Page Pearl]  Pearl of Grace | 1 - 31 May 26","2200 | BU DIA x Pearl | Message | Pearl of Grace | 1 - 31 May 26 [BKK]",45-54,female,8357,15698,865,18,667,THB,1.06049069,50.96246917,4.24894891,917.32444498,2026-05-01,2026-05-31
"2200 | BU DIA | Message | Summer Shine | LEVA Collection | 2 - 31 May 26","Summer Shine | LEVA Collection","2200 | BU DIA | Message | Summer Shine | LEVA Collection | 2 - 31 May 26 - Copy",25-34,female,3866,12018,427,7,684,THB,1.95880676,119.48721222,5.69146281,836.41048552,2026-05-01,2026-05-31
"2200 | BU DIA | Message | Shine Your way | เปล่งประกายในงบที่คุณเข้าถึง | 1 - 31 May 26","Shine Your way | เปล่งประกายในงบที่คุณเข้าถึง","2200 | BU DIA | Message | Shine Your way | เปล่งประกายในงบที่คุณเข้าถึง | 1 - 31 May 26 [Other Province]",45-54,female,3000,7661,803,22,894,THB,1.02395435,37.37433368,11.66949484,822.23534087,2026-05-01,2026-05-31
"2200 | BU DIA | Message | Summer Shine | LEVA Collection | 2 - 31 May 26","Summer Shine | LEVA Collection","2200 | BU DIA | Message | Summer Shine | LEVA Collection | 2 - 31 May 26",45-54,female,2845,7505,523,7,560,THB,1.5426489,115.25791042,7.46169221,806.80537294,2026-05-01,2026-05-31
"2200 | BU DIA | Message | Pearl of Grace | 1 - 31 May 26","Pearl of Grace | 1 - 31 May 26","2200 | BU DIA | Message | Pearl of Grace | 1 - 31 May 26 [Other Province]",25-34,female,5167,13356,597,15,772,THB,1.27698584,50.82403645,5.7801737,762.36054677,2026-05-01,2026-05-31
"2200 | BU DIA x Pearl | Message | Pearl of Grace | 1 - 31 May 26","[Page Pearl] Pearl of Grace | 1 - 31 May 26","2200 | BU DIA x Pearl | Message | Pearl of Grace | 1 - 31 May 26 [Other Province]",35-44,female,7089,13536,548,10,499,THB,1.33358991,73.08072727,3.68646572,730.80727265,2026-05-01,2026-05-31
"2200 | BU DIA | Message | Shine Your way | เปล่งประกายในงบที่คุณเข้าถึง | 1 - 31 May 26","Shine Your way | เปล่งประกายในงบที่คุณเข้าถึง","2200 | BU DIA | Message | Shine Your way | เปล่งประกายในงบที่คุณเข้าถึง | 1 - 31 May 26 [Other Province]",25-34,female,4264,11215,584,16,758,THB,1.24450753,45.42452496,6.75880517,726.79239937,2026-05-01,2026-05-31
"2200 | BU DIA | Message | Pearl of Grace | 1 - 31 May 26","Pearl of Grace | 1 - 31 May 26","2200 | BU DIA | Message | Pearl of Grace | 1 - 31 May 26 [Other Province]",45-54,female,2416,6250,451,5,522,THB,1.35669692,122.37406177,8.352,611.87030886,2026-05-01,2026-05-31
"2200 | BU DIA | Engage | Wedding Package Aurora Diamond | 3 - 31 May 26","Wedding Package Aurora Diamond | 3 - 31 May 26","2200 | BU DIA | Engage | Wedding Package Aurora Diamond | 3 - 31 May 26 [Other Province]",35-44,female,2066,5319,378,11,478,THB,1.60876925,55.28316156,8.98665163,608.11477712,2026-05-01,2026-05-31
"2200 | BU DIA x Pearl | Message | Pearl of Grace | 1 - 31 May 26","[Page Pearl] Pearl of Grace | 1 - 31 May 26","2200 | BU DIA x Pearl | Message | Pearl of Grace | 1 - 31 May 26 [Other Province]",25-34,female,6904,12196,464,10,346,THB,1.2095679,56.12395069,2.83699574,561.23950687,2026-05-01,2026-05-31
"2200 | BU DIA | Engage | Wedding Package Aurora Diamond | 3 - 31 May 26","Wedding Package Aurora Diamond | 3 - 31 May 26","2200 | BU DIA | Engage | Wedding Package Aurora Diamond | 3 - 31 May 26 [BKK]",25-34,male,1646,5315,345,11,455,THB,1.54271276,48.38508216,8.56067733,532.23590376,2026-05-01,2026-05-31
"2200 | BU DIA x Pearl | Message | Pearl of Grace | 1 - 31 May 26","[Page Pearl] Pearl of Grace | 1 - 31 May 26","2200 | BU DIA x Pearl | Message | Pearl of Grace | 1 - 31 May 26 [Other Province]",45-54,female,4552,7926,434,9,345,THB,1.13860449,54.90603856,4.35276306,494.15434703,2026-05-01,2026-05-31
"2200 | BU DIA | Message | Summer Shine | LEVA Collection | 2 - 31 May 26","Summer Shine | LEVA Collection","2200 | BU DIA | Message | Summer Shine | LEVA Collection | 2 - 31 May 26 - Copy",45-54,female,1652,4253,270,6,344,THB,1.73414774,78.03664835,8.08840818,468.21989008,2026-05-01,2026-05-31
"2200 | BU DIA | Message | Shine Your way | เปล่งประกายในงบที่คุณเข้าถึง | 1 - 31 May 26","Shine Your way | เปล่งประกายในงบที่คุณเข้าถึง","2200 | BU DIA | Message | Shine Your way | เปล่งประกายในงบที่คุณเข้าถึง | 1 - 31 May 26 [BKK]",55-64,female,1362,3630,403,13,444,THB,1.08774009,33.71994272,12.23140496,438.35925537,2026-05-01,2026-05-31
"2200 | BU DIA | Engage | Wedding Package Aurora Diamond | 3 - 31 May 26","Wedding Package Aurora Diamond | 3 - 31 May 26","2200 | BU DIA | Engage | Wedding Package Aurora Diamond | 3 - 31 May 26 [BKK]",45-54,female,937,2040,221,4,252,THB,1.68391008,93.03603199,12.35294118,372.14412796,2026-05-01,2026-05-31
"2200 | BU DIA x Pearl | Message | Pearl of Grace | 1 - 31 May 26","[Page Pearl]  Pearl of Grace | 1 - 31 May 26","2200 | BU DIA x Pearl | Message | Pearl of Grace | 1 - 31 May 26 [BKK]",55-64,female,4355,6210,357,7,164,THB,0.76489433,39.00961096,2.64090177,273.06727673,2026-05-01,2026-05-31
"2200 | BU DIA | Engage | Wedding Package Aurora Diamond | 3 - 31 May 26","Wedding Package Aurora Diamond | 3 - 31 May 26","2200 | BU DIA | Engage | Wedding Package Aurora Diamond | 3 - 31 May 26 [BKK]",35-44,male,870,2491,210,6,273,THB,1.22491835,42.87214222,10.95945403,257.23285332,2026-05-01,2026-05-31
"2200 | BU DIA | Message | May Your Diamond Shine Forever - B | 16 - 31 May 26","May Your Diamond Shine Forever - B | 16 - 31 May 26","2200 | BU DIA | Message | May Your Diamond Shine Forever - B | 16 - 31 May 26",55-64,female,1069,2508,164,8,205,THB,1.54012195,31.5725,8.1738437,252.58,2026-05-01,2026-05-31
"2200 | BU DIA x Pearl | Message | Pearl of Grace | 1 - 31 May 26","[Page Pearl]  Pearl of Grace | 1 - 31 May 26","2200 | BU DIA x Pearl | Message | Pearl of Grace | 1 - 31 May 26 [BKK]",25-34,male,6394,8165,598,6,126,THB,0.41780378,41.64110966,1.54317208,249.84665795,2026-05-01,2026-05-31
"2200 | BU DIA | Message | May Your Diamond Shine Forever - A | 16 - 31 May 26","May Your Diamond Shine Forever - A | 16 - 31 May 26","2200 | BU DIA | Message | May Your Diamond Shine Forever - A | 16 - 31 May 26",55-64,female,1010,2447,203,5,264,THB,1.1709829,47.5419058,10.78872088,237.70952901,2026-05-01,2026-05-31
"2200 | BU DIA | Message | Summer Shine | LEVA Collection | 2 - 31 May 26","Summer Shine | LEVA Collection","2200 | BU DIA | Message | Summer Shine | LEVA Collection | 2 - 31 May 26",25-34,male,741,2294,80,3,89,THB,2.83792152,75.67790723,3.87968614,227.03372169,2026-05-01,2026-05-31
"2200 | BU DIA | Message | Shine Your way | เปล่งประกายในงบที่คุณเข้าถึง | 1 - 31 May 26","Shine Your way | เปล่งประกายในงบที่คุณเข้าถึง","2200 | BU DIA | Message | Shine Your way | เปล่งประกายในงบที่คุณเข้าถึง | 1 - 31 May 26 [Other Province]",55-64,female,719,1622,206,5,215,THB,1.08381981,44.65337619,13.25524044,223.26688097,2026-05-01,2026-05-31
"2200 | BU DIA | Engage | Wedding Package Aurora Diamond | 3 - 31 May 26","Wedding Package Aurora Diamond | 3 - 31 May 26","2200 | BU DIA | Engage | Wedding Package Aurora Diamond | 3 - 31 May 26 [Other Province]",25-34,male,814,2300,145,8,188,THB,1.38872203,25.17058685,8.17391304,201.36469479,2026-05-01,2026-05-31
"2200 | BU DIA x Pearl | Message | Pearl of Grace | 1 - 31 May 26","[Page Pearl]  Pearl of Grace | 1 - 31 May 26","2200 | BU DIA x Pearl | Message | Pearl of Grace | 1 - 31 May 26 [BKK]",35-44,female,696,1115,75,,105,THB,2.64226667,,9.41704036,198.17,2026-05-01,2026-05-31
"2200 | BU DIA | Message | Pearl of Grace | 1 - 31 May 26","Pearl of Grace | 1 - 31 May 26","2200 | BU DIA | Message | Pearl of Grace | 1 - 31 May 26 [BKK]",55-64,female,656,1638,131,3,163,THB,1.49297174,65.19309918,9.95115995,195.57929754,2026-05-01,2026-05-31
"2200 | BU DIA x Pearl | Message | Pearl of Grace | 1 - 31 May 26","[Page Pearl]  Pearl of Grace | 1 - 31 May 26","2200 | BU DIA x Pearl | Message | Pearl of Grace | 1 - 31 May 26 [BKK]",18-24,female,4675,7095,369,7,90,THB,0.49960681,26.3364161,1.26849894,184.35491271,2026-05-01,2026-05-31
"2200 | BU DIA x Pearl | Message | Pearl of Grace | 1 - 31 May 26","[Page Pearl]  Pearl of Grace | 1 - 31 May 26","2200 | BU DIA x Pearl | Message | Pearl of Grace | 1 - 31 May 26 [BKK]",18-24,male,4197,5489,597,2,47,THB,0.29221884,87.22732445,0.85625797,174.45464889,2026-05-01,2026-05-31
"2200 | BU DIA | Engage | Wedding Package Aurora Diamond | 3 - 31 May 26","Wedding Package Aurora Diamond | 3 - 31 May 26","2200 | BU DIA | Engage | Wedding Package Aurora Diamond | 3 - 31 May 26 [Other Province]",45-54,female,476,990,59,1,79,THB,2.76691741,163.24812737,7.97979798,163.24812737,2026-05-01,2026-05-31
"2200 | BU DIA | Message | Summer Shine | LEVA Collection | 2 - 31 May 26","Summer Shine | LEVA Collection","2200 | BU DIA | Message | Summer Shine | LEVA Collection | 2 - 31 May 26",55-64,female,980,1727,95,,86,THB,1.71738336,,4.97973364,163.15141937,2026-05-01,2026-05-31
"2200 | BU DIA x Pearl | Message | Pearl of Grace | 1 - 31 May 26","[Page Pearl]  Pearl of Grace | 1 - 31 May 26","2200 | BU DIA x Pearl | Message | Pearl of Grace | 1 - 31 May 26 [BKK]",35-44,male,4405,5635,255,2,62,THB,0.57013284,72.6919371,1.10026619,145.38387421,2026-05-01,2026-05-31
"2200 | BU DIA | Message | Shine Your way | เปล่งประกายในงบที่คุณเข้าถึง | 1 - 31 May 26","Shine Your way | เปล่งประกายในงบที่คุณเข้าถึง","2200 | BU DIA | Message | Shine Your way | เปล่งประกายในงบที่คุณเข้าถึง | 1 - 31 May 26 [BKK]",65+,female,350,1031,132,5,146,THB,1.03241739,27.25581901,14.16100873,136.27909504,2026-05-01,2026-05-31
"2200 | BU DIA x Pearl | Message | Pearl of Grace | 1 - 31 May 26","[Page Pearl] Pearl of Grace | 1 - 31 May 26","2200 | BU DIA x Pearl | Message | Pearl of Grace | 1 - 31 May 26 [Other Province]",55-64,female,2125,2828,160,3,75,THB,0.84212674,44.91342619,2.65205092,134.74027856,2026-05-01,2026-05-31
"2200 | BU DIA | Message | Summer Shine | LEVA Collection | 2 - 31 May 26","Summer Shine | LEVA Collection","2200 | BU DIA | Message | Summer Shine | LEVA Collection | 2 - 31 May 26",35-44,male,638,1495,76,3,96,THB,1.71783082,43.51838068,6.42140468,130.55514204,2026-05-01,2026-05-31
"2200 | BU DIA | Message | Pearl of Grace | 1 - 31 May 26","Pearl of Grace | 1 - 31 May 26","2200 | BU DIA | Message | Pearl of Grace | 1 - 31 May 26 [Other Province]",55-64,female,402,921,59,1,64,THB,2.10799885,124.37193217,6.94896851,124.37193217,2026-05-01,2026-05-31
"2200 | BU DIA | Message | Shine Your way | เปล่งประกายในงบที่คุณเข้าถึง | 1 - 31 May 26","Shine Your way | เปล่งประกายในงบที่คุณเข้าถึง","2200 | BU DIA | Message | Shine Your way | เปล่งประกายในงบที่คุณเข้าถึง | 1 - 31 May 26 [BKK]",25-34,male,561,1537,61,2,72,THB,2.02947971,61.89913105,4.68445023,123.79826209,2026-05-01,2026-05-31
"2200 | BU DIA x Pearl | Message | Pearl of Grace | 1 - 31 May 26","[Page Pearl]  Pearl of Grace | 1 - 31 May 26","2200 | BU DIA x Pearl | Message | Pearl of Grace | 1 - 31 May 26 [BKK]",45-54,female,392,621,55,,71,THB,2.00854545,,11.4331723,110.47,2026-05-01,2026-05-31
"2200 | BU DIA | Message | Shine Your way | เปล่งประกายในงบที่คุณเข้าถึง | 1 - 31 May 26","Shine Your way | เปล่งประกายในงบที่คุณเข้าถึง","2200 | BU DIA | Message | Shine Your way | เปล่งประกายในงบที่คุณเข้าถึง | 1 - 31 May 26 [BKK]",35-44,male,588,1702,98,1,127,THB,1.10670651,108.45723826,7.46180964,108.45723826,2026-05-01,2026-05-31
"2200 | BU DIA | Message | Summer Shine | LEVA Collection | 2 - 31 May 26","Summer Shine | LEVA Collection","2200 | BU DIA | Message | Summer Shine | LEVA Collection | 2 - 31 May 26 - Copy",25-34,male,350,1319,25,2,48,THB,4.22474786,52.80934823,3.63912055,105.61869646,2026-05-01,2026-05-31
"2200 | BU DIA | Message | May Your Diamond Shine Forever - A | 16 - 31 May 26","May Your Diamond Shine Forever - A | 16 - 31 May 26","2200 | BU DIA | Message | May Your Diamond Shine Forever - A | 16 - 31 May 26",25-34,male,543,1661,45,4,73,THB,2.33523047,26.27134276,4.39494281,105.08537104,2026-05-01,2026-05-31
"2200 | BU DIA | Engage | Wedding Package Aurora Diamond | 3 - 31 May 26","Wedding Package Aurora Diamond | 3 - 31 May 26","2200 | BU DIA | Engage | Wedding Package Aurora Diamond | 3 - 31 May 26 [Other Province]",35-44,male,381,909,66,2,84,THB,1.58936475,52.44903688,9.24092409,104.89807376,2026-05-01,2026-05-31
"2200 | BU DIA | Message | May Your Diamond Shine Forever - B | 16 - 31 May 26","May Your Diamond Shine Forever - B | 16 - 31 May 26","2200 | BU DIA | Message | May Your Diamond Shine Forever - B | 16 - 31 May 26",35-44,male,674,1595,63,1,96,THB,1.62063492,102.1,6.01880878,102.1,2026-05-01,2026-05-31
"2200 | BU DIA x Pearl | Message | Pearl of Grace | 1 - 31 May 26","[Page Pearl]  Pearl of Grace | 1 - 31 May 26","2200 | BU DIA x Pearl | Message | Pearl of Grace | 1 - 31 May 26 [BKK]",65+,female,1677,2404,163,4,55,THB,0.62510868,25.47317881,2.28785358,101.89271525,2026-05-01,2026-05-31
"2200 | BU DIA | Message | May Your Diamond Shine Forever - B | 16 - 31 May 26","May Your Diamond Shine Forever - B | 16 - 31 May 26","2200 | BU DIA | Message | May Your Diamond Shine Forever - B | 16 - 31 May 26",25-34,male,534,1361,63,3,92,THB,1.55126984,32.57666667,6.75973549,97.73,2026-05-01,2026-05-31
"2200 | BU DIA | Message | Summer Shine | LEVA Collection | 2 - 31 May 26","Summer Shine | LEVA Collection","2200 | BU DIA | Message | Summer Shine | LEVA Collection | 2 - 31 May 26",65+,female,436,796,64,1,55,THB,1.52029277,97.29873759,6.90954774,97.29873759,2026-05-01,2026-05-31
"2200 | BU DIA | Message | May Your Diamond Shine Forever - A | 16 - 31 May 26","May Your Diamond Shine Forever - A | 16 - 31 May 26","2200 | BU DIA | Message | May Your Diamond Shine Forever - A | 16 - 31 May 26",35-44,male,575,1690,73,2,97,THB,1.33227008,48.62785797,5.73964497,97.25571593,2026-05-01,2026-05-31
"2200 | BU DIA x Pearl | Message | Pearl of Grace | 1 - 31 May 26","[Page Pearl] Pearl of Grace | 1 - 31 May 26","2200 | BU DIA x Pearl | Message | Pearl of Grace | 1 - 31 May 26 [Other Province]",25-34,male,2818,3330,219,2,39,THB,0.44289042,48.496501,1.17117117,96.99300201,2026-05-01,2026-05-31
"2200 | BU DIA x Pearl | Message | Pearl of Grace | 1 - 31 May 26","[Page Pearl] Pearl of Grace | 1 - 31 May 26","2200 | BU DIA x Pearl | Message | Pearl of Grace | 1 - 31 May 26 [Other Province]",35-44,female,404,609,39,,47,THB,2.40666667,,7.71756979,93.86,2026-05-01,2026-05-31
"2200 | BU DIA | Message | Shine Your way | เปล่งประกายในงบที่คุณเข้าถึง | 1 - 31 May 26","Shine Your way | เปล่งประกายในงบที่คุณเข้าถึง","2200 | BU DIA | Message | Shine Your way | เปล่งประกายในงบที่คุณเข้าถึง | 1 - 31 May 26 [BKK]",45-54,male,295,762,58,2,69,THB,1.5368267,44.56797439,9.05511811,89.13594879,2026-05-01,2026-05-31
"2200 | BU DIA | Message | Pearl of Grace | 1 - 31 May 26","Pearl of Grace | 1 - 31 May 26","2200 | BU DIA | Message | Pearl of Grace | 1 - 31 May 26 [BKK]",25-34,male,368,958,24,2,45,THB,3.48242694,41.78912328,4.69728601,83.57824655,2026-05-01,2026-05-31
"2200 | BU DIA x Pearl | Message | Pearl of Grace | 1 - 31 May 26","[Page Pearl] Pearl of Grace | 1 - 31 May 26","2200 | BU DIA x Pearl | Message | Pearl of Grace | 1 - 31 May 26 [Other Province]",18-24,female,2245,3250,177,1,63,THB,0.46555963,82.40405459,1.93846154,82.40405459,2026-05-01,2026-05-31
"2200 | BU DIA x Pearl | Message | Pearl of Grace | 1 - 31 May 26","[Page Pearl]  Pearl of Grace | 1 - 31 May 26","2200 | BU DIA x Pearl | Message | Pearl of Grace | 1 - 31 May 26 [BKK]",45-54,male,2907,3682,155,1,17,THB,0.50394891,78.11208154,0.46170559,78.11208154,2026-05-01,2026-05-31
"2200 | BU DIA | Message | Pearl of Grace | 1 - 31 May 26","Pearl of Grace | 1 - 31 May 26","2200 | BU DIA | Message | Pearl of Grace | 1 - 31 May 26 [BKK]",18-24,female,492,1468,46,1,73,THB,1.663425,76.51754988,4.97275204,76.51754988,2026-05-01,2026-05-31
"2200 | BU DIA | Message | Summer Shine | LEVA Collection | 2 - 31 May 26","Summer Shine | LEVA Collection","2200 | BU DIA | Message | Summer Shine | LEVA Collection | 2 - 31 May 26 - Copy",55-64,female,381,686,30,2,43,THB,2.4530708,36.79606201,6.26822157,73.59212401,2026-05-01,2026-05-31
"2200 | BU DIA | Message | Summer Shine | LEVA Collection | 2 - 31 May 26","Summer Shine | LEVA Collection","2200 | BU DIA | Message | Summer Shine | LEVA Collection | 2 - 31 May 26",45-54,male,340,625,34,,36,THB,2.15453256,,5.76,73.25410713,2026-05-01,2026-05-31
"2200 | BU DIA | Message | May Your Diamond Shine Forever - A | 16 - 31 May 26","May Your Diamond Shine Forever - A | 16 - 31 May 26","2200 | BU DIA | Message | May Your Diamond Shine Forever - A | 16 - 31 May 26",45-54,male,262,687,42,5,50,THB,1.73278081,14.55535884,7.27802038,72.77679422,2026-05-01,2026-05-31
"2200 | BU DIA | Engage | Wedding Package Aurora Diamond | 3 - 31 May 26","Wedding Package Aurora Diamond | 3 - 31 May 26","2200 | BU DIA | Engage | Wedding Package Aurora Diamond | 3 - 31 May 26 [BKK]",45-54,male,248,462,50,2,58,THB,1.43901596,35.97539905,12.55411255,71.95079811,2026-05-01,2026-05-31
"2200 | BU DIA | Message | May Your Diamond Shine Forever - B | 16 - 31 May 26","May Your Diamond Shine Forever - B | 16 - 31 May 26","2200 | BU DIA | Message | May Your Diamond Shine Forever - B | 16 - 31 May 26",65+,female,285,761,54,3,74,THB,1.305,23.49,9.72404731,70.47,2026-05-01,2026-05-31
"2200 | BU DIA | Message | Shine Your way | เปล่งประกายในงบที่คุณเข้าถึง | 1 - 31 May 26","Shine Your way | เปล่งประกายในงบที่คุณเข้าถึง","2200 | BU DIA | Message | Shine Your way | เปล่งประกายในงบที่คุณเข้าถึง | 1 - 31 May 26 [Other Province]",25-34,male,334,820,32,,41,THB,2.19381761,,5,70.20216359,2026-05-01,2026-05-31
"2200 | BU DIA x Pearl | Message | Pearl of Grace | 1 - 31 May 26","[Page Pearl] Pearl of Grace | 1 - 31 May 26","2200 | BU DIA x Pearl | Message | Pearl of Grace | 1 - 31 May 26 [Other Province]",35-44,male,1999,2415,110,,23,THB,0.62850011,,0.95238095,69.13501195,2026-05-01,2026-05-31
"2200 | BU DIA x Pearl | Message | Pearl of Grace | 1 - 31 May 26","[Page Pearl] Pearl of Grace | 1 - 31 May 26","2200 | BU DIA x Pearl | Message | Pearl of Grace | 1 - 31 May 26 [Other Province]",18-24,male,1794,2073,194,,16,THB,0.35378891,,0.77182827,68.63504802,2026-05-01,2026-05-31
"2200 | BU DIA | Message | May Your Diamond Shine Forever - A | 16 - 31 May 26","May Your Diamond Shine Forever - A | 16 - 31 May 26","2200 | BU DIA | Message | May Your Diamond Shine Forever - A | 16 - 31 May 26",65+,female,235,680,72,1,88,THB,0.94190295,67.81701269,12.94117647,67.81701269,2026-05-01,2026-05-31
"2200 | BU DIA x Pearl | Message | Pearl of Grace | 1 - 31 May 26","[Page Pearl]  Pearl of Grace | 1 - 31 May 26","2200 | BU DIA x Pearl | Message | Pearl of Grace | 1 - 31 May 26 [BKK]",25-34,female,380,547,28,,40,THB,2.34821429,,7.31261426,65.75,2026-05-01,2026-05-31
"2200 | BU DIA | Message | May Your Diamond Shine Forever - B | 16 - 31 May 26","May Your Diamond Shine Forever - B | 16 - 31 May 26","2200 | BU DIA | Message | May Your Diamond Shine Forever - B | 16 - 31 May 26",45-54,male,328,746,31,1,42,THB,1.95677419,60.66,5.63002681,60.66,2026-05-01,2026-05-31
"2200 | BU DIA | Message | Pearl of Grace | 1 - 31 May 26","Pearl of Grace | 1 - 31 May 26","2200 | BU DIA | Message | Pearl of Grace | 1 - 31 May 26 [BKK]",35-44,male,306,693,31,,38,THB,1.73920386,,5.48340548,53.91531975,2026-05-01,2026-05-31
"2200 | BU DIA | Message | Pearl of Grace | 1 - 31 May 26","Pearl of Grace | 1 - 31 May 26","2200 | BU DIA | Message | Pearl of Grace | 1 - 31 May 26 [Other Province]",18-24,female,406,1116,41,2,52,THB,1.29918402,26.63327234,4.65949821,53.26654468,2026-05-01,2026-05-31
"2200 | BU DIA | Message | Pearl of Grace | 1 - 31 May 26","Pearl of Grace | 1 - 31 May 26","2200 | BU DIA | Message | Pearl of Grace | 1 - 31 May 26 [BKK]",65+,female,168,405,19,,27,THB,2.79659173,,6.66666667,53.13524278,2026-05-01,2026-05-31
"2200 | BU DIA | Engage | Wedding Package Aurora Diamond | 3 - 31 May 26","Wedding Package Aurora Diamond | 3 - 31 May 26","2200 | BU DIA | Engage | Wedding Package Aurora Diamond | 3 - 31 May 26 [BKK]",55-64,female,227,371,23,,26,THB,2.28089487,,7.00808625,52.46058191,2026-05-01,2026-05-31
"2200 | BU DIA x Pearl | Message | Pearl of Grace | 1 - 31 May 26","[Page Pearl]  Pearl of Grace | 1 - 31 May 26","2200 | BU DIA x Pearl | Message | Pearl of Grace | 1 - 31 May 26 [BKK]",55-64,male,1666,2153,138,2,23,THB,0.37428534,25.82568821,1.06827682,51.65137641,2026-05-01,2026-05-31
"2200 | BU DIA x Pearl | Message | Pearl of Grace | 1 - 31 May 26","[Page Pearl] Pearl of Grace | 1 - 31 May 26","2200 | BU DIA x Pearl | Message | Pearl of Grace | 1 - 31 May 26 [Other Province]",65+,female,801,1105,67,2,27,THB,0.76755656,25.71314481,2.44343891,51.42628962,2026-05-01,2026-05-31
"2200 | BU DIA | Message | Shine Your way | เปล่งประกายในงบที่คุณเข้าถึง | 1 - 31 May 26","Shine Your way | เปล่งประกายในงบที่คุณเข้าถึง","2200 | BU DIA | Message | Shine Your way | เปล่งประกายในงบที่คุณเข้าถึง | 1 - 31 May 26 [Other Province]",65+,female,170,397,45,2,52,THB,1.04514332,23.51572474,13.09823678,47.03144949,2026-05-01,2026-05-31
"2200 | BU DIA x Pearl | Message | Pearl of Grace | 1 - 31 May 26","[Page Pearl] Pearl of Grace | 1 - 31 May 26","2200 | BU DIA x Pearl | Message | Pearl of Grace | 1 - 31 May 26 [Other Province]",45-54,female,197,300,23,,27,THB,1.96652174,,9,45.23,2026-05-01,2026-05-31
"2200 | BU DIA | Message | Pearl of Grace | 1 - 31 May 26","Pearl of Grace | 1 - 31 May 26","2200 | BU DIA | Message | Pearl of Grace | 1 - 31 May 26 [Other Province]",25-34,male,257,603,18,,24,THB,2.45761836,,3.9800995,44.2371304,2026-05-01,2026-05-31
"2200 | BU DIA | Message | Shine Your way | เปล่งประกายในงบที่คุณเข้าถึง | 1 - 31 May 26","Shine Your way | เปล่งประกายในงบที่คุณเข้าถึง","2200 | BU DIA | Message | Shine Your way | เปล่งประกายในงบที่คุณเข้าถึง | 1 - 31 May 26 [Other Province]",35-44,male,287,668,47,1,55,THB,0.9227944,43.37133668,8.23353293,43.37133668,2026-05-01,2026-05-31
"2200 | BU DIA | Message | Pearl of Grace | 1 - 31 May 26","Pearl of Grace | 1 - 31 May 26","2200 | BU DIA | Message | Pearl of Grace | 1 - 31 May 26 [Other Province]",35-44,male,204,497,29,,40,THB,1.45025075,,8.04828974,42.05727181,2026-05-01,2026-05-31
"2200 | BU DIA | Message | Summer Shine | LEVA Collection | 2 - 31 May 26","Summer Shine | LEVA Collection","2200 | BU DIA | Message | Summer Shine | LEVA Collection | 2 - 31 May 26 - Copy",35-44,male,295,626,15,,24,THB,2.72237531,,3.83386581,40.83562968,2026-05-01,2026-05-31
"2200 | BU DIA x Pearl | Message | Pearl of Grace | 1 - 31 May 26","[Page Pearl] Pearl of Grace | 1 - 31 May 26","2200 | BU DIA x Pearl | Message | Pearl of Grace | 1 - 31 May 26 [Other Province]",25-34,female,201,305,15,,20,THB,2.688,,6.55737705,40.32,2026-05-01,2026-05-31
"2200 | BU DIA | Engage | Wedding Package Aurora Diamond | 3 - 31 May 26","Wedding Package Aurora Diamond | 3 - 31 May 26","2200 | BU DIA | Engage | Wedding Package Aurora Diamond | 3 - 31 May 26 [BKK]",65+,female,98,235,22,1,23,THB,1.67501858,36.85040876,9.78723404,36.85040876,2026-05-01,2026-05-31
"2200 | BU DIA | Message | Pearl of Grace | 1 - 31 May 26","Pearl of Grace | 1 - 31 May 26","2200 | BU DIA | Message | Pearl of Grace | 1 - 31 May 26 [Other Province]",65+,female,99,248,24,1,22,THB,1.50990205,36.23764932,8.87096774,36.23764932,2026-05-01,2026-05-31
"2200 | BU DIA x Pearl | Message | Pearl of Grace | 1 - 31 May 26","[Page Pearl] Pearl of Grace | 1 - 31 May 26","2200 | BU DIA x Pearl | Message | Pearl of Grace | 1 - 31 May 26 [Other Province]",45-54,male,1322,1502,65,1,13,THB,0.51319374,33.35759327,0.86551265,33.35759327,2026-05-01,2026-05-31
"2200 | BU DIA | Message | Shine Your way | เปล่งประกายในงบที่คุณเข้าถึง | 1 - 31 May 26","Shine Your way | เปล่งประกายในงบที่คุณเข้าถึง","2200 | BU DIA | Message | Shine Your way | เปล่งประกายในงบที่คุณเข้าถึง | 1 - 31 May 26 [Other Province]",45-54,male,128,278,22,1,25,THB,1.2850396,28.27087129,8.99280576,28.27087129,2026-05-01,2026-05-31
"2200 | BU DIA | Message | Pearl of Grace | 1 - 31 May 26","Pearl of Grace | 1 - 31 May 26","2200 | BU DIA | Message | Pearl of Grace | 1 - 31 May 26 [BKK]",45-54,male,122,306,10,,12,THB,2.60625716,,3.92156863,26.06257156,2026-05-01,2026-05-31
"2200 | BU DIA x Pearl | Message | Pearl of Grace | 1 - 31 May 26","[Page Pearl]  Pearl of Grace | 1 - 31 May 26","2200 | BU DIA x Pearl | Message | Pearl of Grace | 1 - 31 May 26 [BKK]",65+,male,807,990,81,,10,THB,0.32099621,,1.01010101,26.00069287,2026-05-01,2026-05-31
"2200 | BU DIA x Pearl | Message | Pearl of Grace | 1 - 31 May 26","[Page Pearl]  Pearl of Grace | 1 - 31 May 26","2200 | BU DIA x Pearl | Message | Pearl of Grace | 1 - 31 May 26 [BKK]",55-64,female,82,103,7,,8,THB,3.69857143,,7.76699029,25.89,2026-05-01,2026-05-31
"2200 | BU DIA | Engage | Wedding Package Aurora Diamond | 3 - 31 May 26","Wedding Package Aurora Diamond | 3 - 31 May 26","2200 | BU DIA | Engage | Wedding Package Aurora Diamond | 3 - 31 May 26 [Other Province]",55-64,female,88,150,15,,19,THB,1.71362859,,12.66666667,25.70442883,2026-05-01,2026-05-31
"2200 | BU DIA | Message | Shine Your way | เปล่งประกายในงบที่คุณเข้าถึง | 1 - 31 May 26","Shine Your way | เปล่งประกายในงบที่คุณเข้าถึง","2200 | BU DIA | Message | Shine Your way | เปล่งประกายในงบที่คุณเข้าถึง | 1 - 31 May 26 [BKK]",55-64,male,89,181,11,,10,THB,2.3228823,,5.52486188,25.55170528,2026-05-01,2026-05-31
"2200 | BU DIA | Message | Summer Shine | LEVA Collection | 2 - 31 May 26","Summer Shine | LEVA Collection","2200 | BU DIA | Message | Summer Shine | LEVA Collection | 2 - 31 May 26 - Copy",65+,female,128,255,6,,10,THB,3.91624754,,3.92156863,23.49748525,2026-05-01,2026-05-31
"2200 | BU DIA | Message | Summer Shine | LEVA Collection | 2 - 31 May 26","Summer Shine | LEVA Collection","2200 | BU DIA | Message | Summer Shine | LEVA Collection | 2 - 31 May 26",55-64,male,239,319,12,,16,THB,1.58863927,,5.01567398,19.06367124,2026-05-01,2026-05-31
"2200 | BU DIA | Engage | Wedding Package Aurora Diamond | 3 - 31 May 26","Wedding Package Aurora Diamond | 3 - 31 May 26","2200 | BU DIA | Engage | Wedding Package Aurora Diamond | 3 - 31 May 26 [BKK]",55-64,male,89,152,15,,23,THB,1.1746797,,15.13157895,17.62019545,2026-05-01,2026-05-31
"2200 | BU DIA x Pearl | Message | Pearl of Grace | 1 - 31 May 26","[Page Pearl] Pearl of Grace | 1 - 31 May 26","2200 | BU DIA x Pearl | Message | Pearl of Grace | 1 - 31 May 26 [Other Province]",55-64,male,682,795,43,,7,THB,0.39485523,,0.88050314,16.97877499,2026-05-01,2026-05-31
"2200 | BU DIA | Message | May Your Diamond Shine Forever - B | 16 - 31 May 26","May Your Diamond Shine Forever - B | 16 - 31 May 26","2200 | BU DIA | Message | May Your Diamond Shine Forever - B | 16 - 31 May 26",55-64,male,77,151,10,,13,THB,1.568,,8.60927152,15.68,2026-05-01,2026-05-31
"2200 | BU DIA | Message | Summer Shine | LEVA Collection | 2 - 31 May 26","Summer Shine | LEVA Collection","2200 | BU DIA | Message | Summer Shine | LEVA Collection | 2 - 31 May 26 - Copy",45-54,male,111,211,13,,17,THB,1.19910244,,8.05687204,15.5883317,2026-05-01,2026-05-31
"2200 | BU DIA | Engage | Wedding Package Aurora Diamond | 3 - 31 May 26","Wedding Package Aurora Diamond | 3 - 31 May 26","2200 | BU DIA | Engage | Wedding Package Aurora Diamond | 3 - 31 May 26 [Other Province]",45-54,male,80,140,7,,8,THB,2.11179243,,5.71428571,14.78254701,2026-05-01,2026-05-31
"2200 | BU DIA | Message | Shine Your way | เปล่งประกายในงบที่คุณเข้าถึง | 1 - 31 May 26","Shine Your way | เปล่งประกายในงบที่คุณเข้าถึง","2200 | BU DIA | Message | Shine Your way | เปล่งประกายในงบที่คุณเข้าถึง | 1 - 31 May 26 [BKK]",35-44,unknown,43,138,14,1,16,THB,0.95220641,13.33088968,11.5942029,13.33088968,2026-05-01,2026-05-31
"2200 | BU DIA | Engage | Wedding Package Aurora Diamond | 3 - 31 May 26","Wedding Package Aurora Diamond | 3 - 31 May 26","2200 | BU DIA | Engage | Wedding Package Aurora Diamond | 3 - 31 May 26 [Other Province]",65+,female,37,82,11,1,13,THB,1.16838313,12.85221441,15.85365854,12.85221441,2026-05-01,2026-05-31
"2200 | BU DIA | Message | May Your Diamond Shine Forever - B | 16 - 31 May 26","May Your Diamond Shine Forever - B | 16 - 31 May 26","2200 | BU DIA | Message | May Your Diamond Shine Forever - B | 16 - 31 May 26",35-44,unknown,59,151,3,,4,THB,4.28333333,,2.64900662,12.85,2026-05-01,2026-05-31
"2200 | BU DIA x Pearl | Message | Pearl of Grace | 1 - 31 May 26","[Page Pearl] Pearl of Grace | 1 - 31 May 26","2200 | BU DIA x Pearl | Message | Pearl of Grace | 1 - 31 May 26 [Other Province]",55-64,female,32,48,4,,4,THB,2.935,,8.33333333,11.74,2026-05-01,2026-05-31
"2200 | BU DIA | Engage | Wedding Package Aurora Diamond | 3 - 31 May 26","Wedding Package Aurora Diamond | 3 - 31 May 26","2200 | BU DIA | Engage | Wedding Package Aurora Diamond | 3 - 31 May 26 [BKK]",65+,male,57,126,9,,10,THB,1.16445736,,7.93650794,10.48011625,2026-05-01,2026-05-31
"2200 | BU DIA | Message | Summer Shine | LEVA Collection | 2 - 31 May 26","Summer Shine | LEVA Collection","2200 | BU DIA | Message | Summer Shine | LEVA Collection | 2 - 31 May 26",35-44,unknown,37,116,6,,4,THB,1.67365564,,3.44827586,10.04193386,2026-05-01,2026-05-31
"2200 | BU DIA | Message | Pearl of Grace | 1 - 31 May 26","Pearl of Grace | 1 - 31 May 26","2200 | BU DIA | Message | Pearl of Grace | 1 - 31 May 26 [Other Province]",45-54,male,61,155,18,,18,THB,0.55385296,,11.61290323,9.9693533,2026-05-01,2026-05-31
"2200 | BU DIA | Message | Summer Shine | LEVA Collection | 2 - 31 May 26","Summer Shine | LEVA Collection","2200 | BU DIA | Message | Summer Shine | LEVA Collection | 2 - 31 May 26",65+,male,212,260,3,,1,THB,3.2906337,,0.38461538,9.87190111,2026-05-01,2026-05-31
"2200 | BU DIA x Pearl | Message | Pearl of Grace | 1 - 31 May 26","[Page Pearl] Pearl of Grace | 1 - 31 May 26","2200 | BU DIA x Pearl | Message | Pearl of Grace | 1 - 31 May 26 [Other Province]",65+,male,378,423,22,,4,THB,0.43769569,,0.94562648,9.62930525,2026-05-01,2026-05-31
"2200 | BU DIA | Message | Shine Your way | เปล่งประกายในงบที่คุณเข้าถึง | 1 - 31 May 26","Shine Your way | เปล่งประกายในงบที่คุณเข้าถึง","2200 | BU DIA | Message | Shine Your way | เปล่งประกายในงบที่คุณเข้าถึง | 1 - 31 May 26 [BKK]",65+,male,47,114,12,,12,THB,0.79922001,,10.52631579,9.59064006,2026-05-01,2026-05-31
"2200 | BU DIA | Message | Pearl of Grace | 1 - 31 May 26","Pearl of Grace | 1 - 31 May 26","2200 | BU DIA | Message | Pearl of Grace | 1 - 31 May 26 [BKK]",35-44,unknown,32,78,8,1,8,THB,1.15261373,9.22090981,10.25641026,9.22090981,2026-05-01,2026-05-31
"2200 | BU DIA | Message | May Your Diamond Shine Forever - A | 16 - 31 May 26","May Your Diamond Shine Forever - A | 16 - 31 May 26","2200 | BU DIA | Message | May Your Diamond Shine Forever - A | 16 - 31 May 26",55-64,male,56,117,6,,8,THB,1.48993437,,6.83760684,8.93960621,2026-05-01,2026-05-31
"2200 | BU DIA | Message | May Your Diamond Shine Forever - A | 16 - 31 May 26","May Your Diamond Shine Forever - A | 16 - 31 May 26","2200 | BU DIA | Message | May Your Diamond Shine Forever - A | 16 - 31 May 26",35-44,unknown,56,165,12,,18,THB,0.74246729,,10.90909091,8.90960754,2026-05-01,2026-05-31
"2200 | BU DIA x Pearl | Message | Pearl of Grace | 1 - 31 May 26","[Page Pearl]  Pearl of Grace | 1 - 31 May 26","2200 | BU DIA x Pearl | Message | Pearl of Grace | 1 - 31 May 26 [BKK]",35-44,unknown,56,111,6,,5,THB,1.43337153,,4.5045045,8.60022918,2026-05-01,2026-05-31
"2200 | BU DIA | Message | Summer Shine | LEVA Collection | 2 - 31 May 26","Summer Shine | LEVA Collection","2200 | BU DIA | Message | Summer Shine | LEVA Collection | 2 - 31 May 26 - Copy",55-64,male,85,126,4,,5,THB,2.139771,,3.96825397,8.55908399,2026-05-01,2026-05-31
"2200 | BU DIA x Pearl | Message | Pearl of Grace | 1 - 31 May 26","[Page Pearl]  Pearl of Grace | 1 - 31 May 26","2200 | BU DIA x Pearl | Message | Pearl of Grace | 1 - 31 May 26 [BKK]",35-44,male,32,39,1,,2,THB,8.21,,5.12820513,8.21,2026-05-01,2026-05-31
"2200 | BU DIA | Engage | Wedding Package Aurora Diamond | 3 - 31 May 26","Wedding Package Aurora Diamond | 3 - 31 May 26","2200 | BU DIA | Engage | Wedding Package Aurora Diamond | 3 - 31 May 26 [BKK]",35-44,unknown,38,126,23,,25,THB,0.33652547,,19.84126984,7.74008586,2026-05-01,2026-05-31
"2200 | BU DIA | Message | Pearl of Grace | 1 - 31 May 26","Pearl of Grace | 1 - 31 May 26","2200 | BU DIA | Message | Pearl of Grace | 1 - 31 May 26 [BKK]",55-64,male,26,64,2,,3,THB,3.57535278,,4.6875,7.15070555,2026-05-01,2026-05-31
"2200 | BU DIA | Message | Shine Your way | เปล่งประกายในงบที่คุณเข้าถึง | 1 - 31 May 26","Shine Your way | เปล่งประกายในงบที่คุณเข้าถึง","2200 | BU DIA | Message | Shine Your way | เปล่งประกายในงบที่คุณเข้าถึง | 1 - 31 May 26 [Other Province]",35-44,unknown,30,76,8,1,6,THB,0.86377662,6.91021297,7.89473684,6.91021297,2026-05-01,2026-05-31
"2200 | BU DIA | Message | Shine Your way | เปล่งประกายในงบที่คุณเข้าถึง | 1 - 31 May 26","Shine Your way | เปล่งประกายในงบที่คุณเข้าถึง","2200 | BU DIA | Message | Shine Your way | เปล่งประกายในงบที่คุณเข้าถึง | 1 - 31 May 26 [Other Province]",55-64,male,35,67,7,,6,THB,0.94002897,,8.95522388,6.5802028,2026-05-01,2026-05-31
"2200 | BU DIA x Pearl | Message | Pearl of Grace | 1 - 31 May 26","[Page Pearl]  Pearl of Grace | 1 - 31 May 26","2200 | BU DIA x Pearl | Message | Pearl of Grace | 1 - 31 May 26 [BKK]",18-24,female,30,42,4,,6,THB,1.645,,14.28571429,6.58,2026-05-01,2026-05-31
"2200 | BU DIA | Message | May Your Diamond Shine Forever - B | 16 - 31 May 26","May Your Diamond Shine Forever - B | 16 - 31 May 26","2200 | BU DIA | Message | May Your Diamond Shine Forever - B | 16 - 31 May 26",65+,male,26,91,6,,8,THB,1.04833333,,8.79120879,6.29,2026-05-01,2026-05-31
"2200 | BU DIA x Pearl | Message | Pearl of Grace | 1 - 31 May 26","[Page Pearl] Pearl of Grace | 1 - 31 May 26","2200 | BU DIA x Pearl | Message | Pearl of Grace | 1 - 31 May 26 [Other Province]",18-24,female,15,29,3,,7,THB,1.88333333,,24.13793103,5.65,2026-05-01,2026-05-31
"2200 | BU DIA | Message | Summer Shine | LEVA Collection | 2 - 31 May 26","Summer Shine | LEVA Collection","2200 | BU DIA | Message | Summer Shine | LEVA Collection | 2 - 31 May 26 - Copy",65+,male,64,91,,,0,THB,,,0,5.63939646,2026-05-01,2026-05-31
"2200 | BU DIA x Pearl | Message | Pearl of Grace | 1 - 31 May 26","[Page Pearl]  Pearl of Grace | 1 - 31 May 26","2200 | BU DIA x Pearl | Message | Pearl of Grace | 1 - 31 May 26 [BKK]",65+,female,14,23,2,,3,THB,2.665,,13.04347826,5.33,2026-05-01,2026-05-31
"2200 | BU DIA | Message | Pearl of Grace | 1 - 31 May 26","Pearl of Grace | 1 - 31 May 26","2200 | BU DIA | Message | Pearl of Grace | 1 - 31 May 26 [BKK]",18-24,male,48,104,4,,6,THB,1.31012927,,5.76923077,5.24051707,2026-05-01,2026-05-31
"2200 | BU DIA | Engage | Wedding Package Aurora Diamond | 3 - 31 May 26","Wedding Package Aurora Diamond | 3 - 31 May 26","2200 | BU DIA | Engage | Wedding Package Aurora Diamond | 3 - 31 May 26 [Other Province]",55-64,male,25,50,5,,9,THB,1.00817371,,18,5.04086853,2026-05-01,2026-05-31
"2200 | BU DIA | Message | May Your Diamond Shine Forever - B | 16 - 31 May 26","May Your Diamond Shine Forever - B | 16 - 31 May 26","2200 | BU DIA | Message | May Your Diamond Shine Forever - B | 16 - 31 May 26",25-34,unknown,31,73,2,,6,THB,2.475,,8.21917808,4.95,2026-05-01,2026-05-31
"2200 | BU DIA | Message | Shine Your way | เปล่งประกายในงบที่คุณเข้าถึง | 1 - 31 May 26","Shine Your way | เปล่งประกายในงบที่คุณเข้าถึง","2200 | BU DIA | Message | Shine Your way | เปล่งประกายในงบที่คุณเข้าถึง | 1 - 31 May 26 [Other Province]",65+,male,21,70,1,,2,THB,4.89015071,,2.85714286,4.89015071,2026-05-01,2026-05-31
"2200 | BU DIA | Engage | Wedding Package Aurora Diamond | 3 - 31 May 26","Wedding Package Aurora Diamond | 3 - 31 May 26","2200 | BU DIA | Engage | Wedding Package Aurora Diamond | 3 - 31 May 26 [BKK]",25-34,unknown,27,75,3,,3,THB,1.59335101,,4,4.78005302,2026-05-01,2026-05-31
"2200 | BU DIA x Pearl | Message | Pearl of Grace | 1 - 31 May 26","[Page Pearl]  Pearl of Grace | 1 - 31 May 26","2200 | BU DIA x Pearl | Message | Pearl of Grace | 1 - 31 May 26 [BKK]",25-34,male,27,37,1,,0,THB,4.72,,0,4.72,2026-05-01,2026-05-31
"2200 | BU DIA | Message | Summer Shine | LEVA Collection | 2 - 31 May 26","Summer Shine | LEVA Collection","2200 | BU DIA | Message | Summer Shine | LEVA Collection | 2 - 31 May 26 - Copy",35-44,unknown,22,59,7,,6,THB,0.67135672,,10.16949153,4.69949705,2026-05-01,2026-05-31
"2200 | BU DIA x Pearl | Message | Pearl of Grace | 1 - 31 May 26","[Page Pearl] Pearl of Grace | 1 - 31 May 26","2200 | BU DIA x Pearl | Message | Pearl of Grace | 1 - 31 May 26 [Other Province]",18-24,male,1,2,,,0,THB,,,0,4.49,2026-05-01,2026-05-31
"2200 | BU DIA | Message | May Your Diamond Shine Forever - A | 16 - 31 May 26","May Your Diamond Shine Forever - A | 16 - 31 May 26","2200 | BU DIA | Message | May Your Diamond Shine Forever - A | 16 - 31 May 26",65+,male,28,59,,,1,THB,,,1.69491525,4.42980487,2026-05-01,2026-05-31
"2200 | BU DIA | Message | Pearl of Grace | 1 - 31 May 26","Pearl of Grace | 1 - 31 May 26","2200 | BU DIA | Message | Pearl of Grace | 1 - 31 May 26 [Other Province]",18-24,male,38,101,5,,8,THB,0.82394655,,7.92079208,4.11973276,2026-05-01,2026-05-31
"2200 | BU DIA x Pearl | Message | Pearl of Grace | 1 - 31 May 26","[Page Pearl] Pearl of Grace | 1 - 31 May 26","2200 | BU DIA x Pearl | Message | Pearl of Grace | 1 - 31 May 26 [Other Province]",35-44,male,18,23,1,,3,THB,3.87,,13.04347826,3.87,2026-05-01,2026-05-31
"2200 | BU DIA | Message | May Your Diamond Shine Forever - B | 16 - 31 May 26","May Your Diamond Shine Forever - B | 16 - 31 May 26","2200 | BU DIA | Message | May Your Diamond Shine Forever - B | 16 - 31 May 26",45-54,unknown,30,68,3,,4,THB,1.27,,5.88235294,3.81,2026-05-01,2026-05-31
"2200 | BU DIA | Message | May Your Diamond Shine Forever - A | 16 - 31 May 26","May Your Diamond Shine Forever - A | 16 - 31 May 26","2200 | BU DIA | Message | May Your Diamond Shine Forever - A | 16 - 31 May 26",45-54,unknown,26,54,2,,3,THB,1.76992204,,5.55555556,3.53984407,2026-05-01,2026-05-31
"2200 | BU DIA | Message | Pearl of Grace | 1 - 31 May 26","Pearl of Grace | 1 - 31 May 26","2200 | BU DIA | Message | Pearl of Grace | 1 - 31 May 26 [Other Province]",55-64,male,26,45,2,,2,THB,1.70988908,,4.44444444,3.41977816,2026-05-01,2026-05-31
"2200 | BU DIA x Pearl | Message | Pearl of Grace | 1 - 31 May 26","[Page Pearl]  Pearl of Grace | 1 - 31 May 26","2200 | BU DIA x Pearl | Message | Pearl of Grace | 1 - 31 May 26 [BKK]",45-54,unknown,37,42,3,,2,THB,1.113363,,4.76190476,3.34008901,2026-05-01,2026-05-31
"2200 | BU DIA x Pearl | Message | Pearl of Grace | 1 - 31 May 26","[Page Pearl] Pearl of Grace | 1 - 31 May 26","2200 | BU DIA x Pearl | Message | Pearl of Grace | 1 - 31 May 26 [Other Province]",35-44,unknown,27,46,5,1,5,THB,0.64995311,3.24976553,10.86956522,3.24976553,2026-05-01,2026-05-31
"2200 | BU DIA x Pearl | Message | Pearl of Grace | 1 - 31 May 26","[Page Pearl]  Pearl of Grace | 1 - 31 May 26","2200 | BU DIA x Pearl | Message | Pearl of Grace | 1 - 31 May 26 [BKK]",25-34,unknown,100,136,5,,4,THB,0.6340169,,2.94117647,3.17008448,2026-05-01,2026-05-31
"2200 | BU DIA | Message | Pearl of Grace | 1 - 31 May 26","Pearl of Grace | 1 - 31 May 26","2200 | BU DIA | Message | Pearl of Grace | 1 - 31 May 26 [BKK]",45-54,unknown,27,35,,,0,THB,,,0,3.16031182,2026-05-01,2026-05-31
"2200 | BU DIA | Message | Pearl of Grace | 1 - 31 May 26","Pearl of Grace | 1 - 31 May 26","2200 | BU DIA | Message | Pearl of Grace | 1 - 31 May 26 [BKK]",65+,male,23,53,2,,3,THB,1.4351416,,5.66037736,2.87028321,2026-05-01,2026-05-31
"2200 | BU DIA | Message | May Your Diamond Shine Forever - A | 16 - 31 May 26","May Your Diamond Shine Forever - A | 16 - 31 May 26","2200 | BU DIA | Message | May Your Diamond Shine Forever - A | 16 - 31 May 26",25-34,unknown,30,69,,,1,THB,,,1.44927536,2.86987358,2026-05-01,2026-05-31
"2200 | BU DIA | Engage | Wedding Package Aurora Diamond | 3 - 31 May 26","Wedding Package Aurora Diamond | 3 - 31 May 26","2200 | BU DIA | Engage | Wedding Package Aurora Diamond | 3 - 31 May 26 [Other Province]",35-44,unknown,24,53,5,,6,THB,0.56609754,,11.32075472,2.83048769,2026-05-01,2026-05-31
"2200 | BU DIA x Pearl | Message | Pearl of Grace | 1 - 31 May 26","[Page Pearl] Pearl of Grace | 1 - 31 May 26","2200 | BU DIA x Pearl | Message | Pearl of Grace | 1 - 31 May 26 [Other Province]",65+,female,10,11,,,0,THB,,,0,2.77,2026-05-01,2026-05-31
"2200 | BU DIA | Message | Shine Your way | เปล่งประกายในงบที่คุณเข้าถึง | 1 - 31 May 26","Shine Your way | เปล่งประกายในงบที่คุณเข้าถึง","2200 | BU DIA | Message | Shine Your way | เปล่งประกายในงบที่คุณเข้าถึง | 1 - 31 May 26 [BKK]",45-54,unknown,26,40,1,,2,THB,2.72018154,,5,2.72018154,2026-05-01,2026-05-31
"2200 | BU DIA x Pearl | Message | Pearl of Grace | 1 - 31 May 26","[Page Pearl]  Pearl of Grace | 1 - 31 May 26","2200 | BU DIA x Pearl | Message | Pearl of Grace | 1 - 31 May 26 [BKK]",18-24,male,7,8,,,0,THB,,,0,2.17,2026-05-01,2026-05-31
"2200 | BU DIA | Message | Shine Your way | เปล่งประกายในงบที่คุณเข้าถึง | 1 - 31 May 26","Shine Your way | เปล่งประกายในงบที่คุณเข้าถึง","2200 | BU DIA | Message | Shine Your way | เปล่งประกายในงบที่คุณเข้าถึง | 1 - 31 May 26 [BKK]",25-34,unknown,26,46,3,,3,THB,0.69004605,,6.52173913,2.07013816,2026-05-01,2026-05-31
"2200 | BU DIA x Pearl | Message | Pearl of Grace | 1 - 31 May 26","[Page Pearl] Pearl of Grace | 1 - 31 May 26","2200 | BU DIA x Pearl | Message | Pearl of Grace | 1 - 31 May 26 [Other Province]",25-34,unknown,49,65,3,,1,THB,0.66328548,,1.53846154,1.98985643,2026-05-01,2026-05-31
"2200 | BU DIA | Message | Pearl of Grace | 1 - 31 May 26","Pearl of Grace | 1 - 31 May 26","2200 | BU DIA | Message | Pearl of Grace | 1 - 31 May 26 [Other Province]",45-54,unknown,16,26,,,0,THB,,,0,1.8298813,2026-05-01,2026-05-31
"2200 | BU DIA | Message | Pearl of Grace | 1 - 31 May 26","Pearl of Grace | 1 - 31 May 26","2200 | BU DIA | Message | Pearl of Grace | 1 - 31 May 26 [BKK]",25-34,unknown,30,48,2,,2,THB,0.9100898,,4.16666667,1.82017959,2026-05-01,2026-05-31
"2200 | BU DIA | Message | Pearl of Grace | 1 - 31 May 26","Pearl of Grace | 1 - 31 May 26","2200 | BU DIA | Message | Pearl of Grace | 1 - 31 May 26 [Other Province]",25-34,unknown,17,51,6,,9,THB,0.29998054,,17.64705882,1.79988324,2026-05-01,2026-05-31
"2200 | BU DIA x Pearl | Message | Pearl of Grace | 1 - 31 May 26","[Page Pearl]  Pearl of Grace | 1 - 31 May 26","2200 | BU DIA x Pearl | Message | Pearl of Grace | 1 - 31 May 26 [BKK]",18-24,unknown,53,70,15,,2,THB,0.11866983,,2.85714286,1.78004743,2026-05-01,2026-05-31
"2200 | BU DIA | Message | Pearl of Grace | 1 - 31 May 26","Pearl of Grace | 1 - 31 May 26","2200 | BU DIA | Message | Pearl of Grace | 1 - 31 May 26 [Other Province]",65+,male,17,33,1,,1,THB,1.70988908,,3.03030303,1.70988908,2026-05-01,2026-05-31
"2200 | BU DIA x Pearl | Message | Pearl of Grace | 1 - 31 May 26","[Page Pearl] Pearl of Grace | 1 - 31 May 26","2200 | BU DIA x Pearl | Message | Pearl of Grace | 1 - 31 May 26 [Other Province]",25-34,male,14,17,1,,1,THB,1.58,,5.88235294,1.58,2026-05-01,2026-05-31
"2200 | BU DIA | Engage | Wedding Package Aurora Diamond | 3 - 31 May 26","Wedding Package Aurora Diamond | 3 - 31 May 26","2200 | BU DIA | Engage | Wedding Package Aurora Diamond | 3 - 31 May 26 [Other Province]",65+,male,18,30,2,,4,THB,0.75012925,,13.33333333,1.50025849,2026-05-01,2026-05-31
"2200 | BU DIA | Message | Shine Your way | เปล่งประกายในงบที่คุณเข้าถึง | 1 - 31 May 26","Shine Your way | เปล่งประกายในงบที่คุณเข้าถึง","2200 | BU DIA | Message | Shine Your way | เปล่งประกายในงบที่คุณเข้าถึง | 1 - 31 May 26 [BKK]",55-64,unknown,7,20,3,,2,THB,0.47336492,,10,1.42009477,2026-05-01,2026-05-31
"2200 | BU DIA | Message | Shine Your way | เปล่งประกายในงบที่คุณเข้าถึง | 1 - 31 May 26","Shine Your way | เปล่งประกายในงบที่คุณเข้าถึง","2200 | BU DIA | Message | Shine Your way | เปล่งประกายในงบที่คุณเข้าถึง | 1 - 31 May 26 [Other Province]",45-54,unknown,12,26,1,,1,THB,1.28003945,,3.84615385,1.28003945,2026-05-01,2026-05-31
"2200 | BU DIA x Pearl | Message | Pearl of Grace | 1 - 31 May 26","[Page Pearl] Pearl of Grace | 1 - 31 May 26","2200 | BU DIA x Pearl | Message | Pearl of Grace | 1 - 31 May 26 [Other Province]",45-54,male,8,10,,,0,THB,,,0,1.25,2026-05-01,2026-05-31
"2200 | BU DIA | Message | Pearl of Grace | 1 - 31 May 26","Pearl of Grace | 1 - 31 May 26","2200 | BU DIA | Message | Pearl of Grace | 1 - 31 May 26 [Other Province]",35-44,unknown,12,22,,,0,THB,,,0,1.11992735,2026-05-01,2026-05-31
"2200 | BU DIA | Engage | Wedding Package Aurora Diamond | 3 - 31 May 26","Wedding Package Aurora Diamond | 3 - 31 May 26","2200 | BU DIA | Engage | Wedding Package Aurora Diamond | 3 - 31 May 26 [Other Province]",25-34,unknown,15,27,2,,2,THB,0.50508703,,7.40740741,1.01017405,2026-05-01,2026-05-31
"2200 | BU DIA x Pearl | Message | Pearl of Grace | 1 - 31 May 26","[Page Pearl]  Pearl of Grace | 1 - 31 May 26","2200 | BU DIA x Pearl | Message | Pearl of Grace | 1 - 31 May 26 [BKK]",45-54,male,9,11,,,0,THB,,,0,0.93,2026-05-01,2026-05-31
"2200 | BU DIA | Message | Shine Your way | เปล่งประกายในงบที่คุณเข้าถึง | 1 - 31 May 26","Shine Your way | เปล่งประกายในงบที่คุณเข้าถึง","2200 | BU DIA | Message | Shine Your way | เปล่งประกายในงบที่คุณเข้าถึง | 1 - 31 May 26 [Other Province]",25-34,unknown,15,31,1,,0,THB,0.80002466,,0,0.80002466,2026-05-01,2026-05-31
"2200 | BU DIA | Message | Summer Shine | LEVA Collection | 2 - 31 May 26","Summer Shine | LEVA Collection","2200 | BU DIA | Message | Summer Shine | LEVA Collection | 2 - 31 May 26",25-34,unknown,16,28,,,0,THB,,,0,0.79015217,2026-05-01,2026-05-31
"2200 | BU DIA x Pearl | Message | Pearl of Grace | 1 - 31 May 26","[Page Pearl] Pearl of Grace | 1 - 31 May 26","2200 | BU DIA x Pearl | Message | Pearl of Grace | 1 - 31 May 26 [Other Province]",45-54,unknown,18,25,1,,1,THB,0.77994373,,4,0.77994373,2026-05-01,2026-05-31
"2200 | BU DIA | Message | May Your Diamond Shine Forever - A | 16 - 31 May 26","May Your Diamond Shine Forever - A | 16 - 31 May 26","2200 | BU DIA | Message | May Your Diamond Shine Forever - A | 16 - 31 May 26",55-64,unknown,4,8,2,,2,THB,0.37498348,,25,0.74996696,2026-05-01,2026-05-31
"2200 | BU DIA | Message | Summer Shine | LEVA Collection | 2 - 31 May 26","Summer Shine | LEVA Collection","2200 | BU DIA | Message | Summer Shine | LEVA Collection | 2 - 31 May 26",45-54,unknown,12,20,1,,0,THB,0.72013868,,0,0.72013868,2026-05-01,2026-05-31
"2200 | BU DIA | Message | Pearl of Grace | 1 - 31 May 26","Pearl of Grace | 1 - 31 May 26","2200 | BU DIA | Message | Pearl of Grace | 1 - 31 May 26 [Other Province]",18-24,unknown,6,9,,,0,THB,,,0,0.7199533,2026-05-01,2026-05-31
"2200 | BU DIA | Message | May Your Diamond Shine Forever - A | 16 - 31 May 26","May Your Diamond Shine Forever - A | 16 - 31 May 26","2200 | BU DIA | Message | May Your Diamond Shine Forever - A | 16 - 31 May 26",65+,unknown,1,19,,,1,THB,,,5.26315789,0.60997313,2026-05-01,2026-05-31
"2200 | BU DIA x Pearl | Message | Pearl of Grace | 1 - 31 May 26","[Page Pearl] Pearl of Grace | 1 - 31 May 26","2200 | BU DIA x Pearl | Message | Pearl of Grace | 1 - 31 May 26 [Other Province]",18-24,unknown,24,30,4,,0,THB,0.14748936,,0,0.58995743,2026-05-01,2026-05-31
"2200 | BU DIA | Message | Summer Shine | LEVA Collection | 2 - 31 May 26","Summer Shine | LEVA Collection","2200 | BU DIA | Message | Summer Shine | LEVA Collection | 2 - 31 May 26",65+,unknown,2,4,,,0,THB,,,0,0.56010786,2026-05-01,2026-05-31
"2200 | BU DIA | Message | Shine Your way | เปล่งประกายในงบที่คุณเข้าถึง | 1 - 31 May 26","Shine Your way | เปล่งประกายในงบที่คุณเข้าถึง","2200 | BU DIA | Message | Shine Your way | เปล่งประกายในงบที่คุณเข้าถึง | 1 - 31 May 26 [BKK]",65+,unknown,1,10,1,,2,THB,0.56003738,,20,0.56003738,2026-05-01,2026-05-31
"2200 | BU DIA | Message | Pearl of Grace | 1 - 31 May 26","Pearl of Grace | 1 - 31 May 26","2200 | BU DIA | Message | Pearl of Grace | 1 - 31 May 26 [BKK]",65+,unknown,1,9,,,0,THB,,,0,0.55005427,2026-05-01,2026-05-31
"2200 | BU DIA | Message | Summer Shine | LEVA Collection | 2 - 31 May 26","Summer Shine | LEVA Collection","2200 | BU DIA | Message | Summer Shine | LEVA Collection | 2 - 31 May 26 - Copy",25-34,unknown,7,16,,,0,THB,,,0,0.53994221,2026-05-01,2026-05-31
"2200 | BU DIA | Message | Summer Shine | LEVA Collection | 2 - 31 May 26","Summer Shine | LEVA Collection","2200 | BU DIA | Message | Summer Shine | LEVA Collection | 2 - 31 May 26",55-64,unknown,4,7,1,,0,THB,0.52010016,,0,0.52010016,2026-05-01,2026-05-31
"2200 | BU DIA | Message | Pearl of Grace | 1 - 31 May 26","Pearl of Grace | 1 - 31 May 26","2200 | BU DIA | Message | Pearl of Grace | 1 - 31 May 26 [BKK]",18-24,unknown,3,11,4,,5,THB,0.12751258,,45.45454545,0.51005033,2026-05-01,2026-05-31
"2200 | BU DIA | Engage | Wedding Package Aurora Diamond | 3 - 31 May 26","Wedding Package Aurora Diamond | 3 - 31 May 26","2200 | BU DIA | Engage | Wedding Package Aurora Diamond | 3 - 31 May 26 [BKK]",45-54,unknown,2,4,,,0,THB,,,0,0.51000566,2026-05-01,2026-05-31
"2200 | BU DIA | Message | Pearl of Grace | 1 - 31 May 26","Pearl of Grace | 1 - 31 May 26","2200 | BU DIA | Message | Pearl of Grace | 1 - 31 May 26 [BKK]",55-64,unknown,3,5,2,,2,THB,0.25002467,,40,0.50004934,2026-05-01,2026-05-31
"2200 | BU DIA | Message | Shine Your way | เปล่งประกายในงบที่คุณเข้าถึง | 1 - 31 May 26","Shine Your way | เปล่งประกายในงบที่คุณเข้าถึง","2200 | BU DIA | Message | Shine Your way | เปล่งประกายในงบที่คุณเข้าถึง | 1 - 31 May 26 [Other Province]",55-64,unknown,2,2,,,0,THB,,,0,0.44001356,2026-05-01,2026-05-31
"2200 | BU DIA x Pearl | Message | Pearl of Grace | 1 - 31 May 26","[Page Pearl]  Pearl of Grace | 1 - 31 May 26","2200 | BU DIA x Pearl | Message | Pearl of Grace | 1 - 31 May 26 [BKK]",45-54,unknown,4,4,1,,1,THB,0.4,,25,0.4,2026-05-01,2026-05-31
"2200 | BU DIA | Message | Summer Shine | LEVA Collection | 2 - 31 May 26","Summer Shine | LEVA Collection","2200 | BU DIA | Message | Summer Shine | LEVA Collection | 2 - 31 May 26 - Copy",45-54,unknown,5,7,,,0,THB,,,0,0.34996255,2026-05-01,2026-05-31
"2200 | BU DIA | Message | May Your Diamond Shine Forever - B | 16 - 31 May 26","May Your Diamond Shine Forever - B | 16 - 31 May 26","2200 | BU DIA | Message | May Your Diamond Shine Forever - B | 16 - 31 May 26",55-64,unknown,5,6,,,0,THB,,,0,0.32,2026-05-01,2026-05-31
"2200 | BU DIA x Pearl | Message | Pearl of Grace | 1 - 31 May 26","[Page Pearl]  Pearl of Grace | 1 - 31 May 26","2200 | BU DIA x Pearl | Message | Pearl of Grace | 1 - 31 May 26 [BKK]",35-44,unknown,4,4,,,0,THB,,,0,0.31,2026-05-01,2026-05-31
"2200 | BU DIA x Pearl | Message | Pearl of Grace | 1 - 31 May 26","[Page Pearl]  Pearl of Grace | 1 - 31 May 26","2200 | BU DIA x Pearl | Message | Pearl of Grace | 1 - 31 May 26 [BKK]",55-64,unknown,10,11,,,0,THB,,,0,0.30000799,2026-05-01,2026-05-31
"2200 | BU DIA x Pearl | Message | Pearl of Grace | 1 - 31 May 26","[Page Pearl]  Pearl of Grace | 1 - 31 May 26","2200 | BU DIA x Pearl | Message | Pearl of Grace | 1 - 31 May 26 [BKK]",55-64,male,2,2,,,0,THB,,,0,0.24,2026-05-01,2026-05-31
"2200 | BU DIA x Pearl | Message | Pearl of Grace | 1 - 31 May 26","[Page Pearl]  Pearl of Grace | 1 - 31 May 26","2200 | BU DIA x Pearl | Message | Pearl of Grace | 1 - 31 May 26 [BKK]",65+,male,1,2,,,0,THB,,,0,0.23,2026-05-01,2026-05-31
"2200 | BU DIA x Pearl | Message | Pearl of Grace | 1 - 31 May 26","[Page Pearl] Pearl of Grace | 1 - 31 May 26","2200 | BU DIA x Pearl | Message | Pearl of Grace | 1 - 31 May 26 [Other Province]",25-34,unknown,2,3,,,0,THB,,,0,0.21,2026-05-01,2026-05-31
"2200 | BU DIA | Message | Pearl of Grace | 1 - 31 May 26","Pearl of Grace | 1 - 31 May 26","2200 | BU DIA | Message | Pearl of Grace | 1 - 31 May 26 [Other Province]",65+,unknown,1,5,1,,2,THB,0.19998703,,40,0.19998703,2026-05-01,2026-05-31
"2200 | BU DIA x Pearl | Message | Pearl of Grace | 1 - 31 May 26","[Page Pearl] Pearl of Grace | 1 - 31 May 26","2200 | BU DIA x Pearl | Message | Pearl of Grace | 1 - 31 May 26 [Other Province]",35-44,unknown,1,2,,,0,THB,,,0,0.11,2026-05-01,2026-05-31
"2200 | BU DIA x Pearl | Message | Pearl of Grace | 1 - 31 May 26","[Page Pearl] Pearl of Grace | 1 - 31 May 26","2200 | BU DIA x Pearl | Message | Pearl of Grace | 1 - 31 May 26 [Other Province]",65+,unknown,2,2,,,1,THB,,,50,0.09999279,2026-05-01,2026-05-31
"2200 | BU DIA | Message | Shine Your way | เปล่งประกายในงบที่คุณเข้าถึง | 1 - 31 May 26","Shine Your way | เปล่งประกายในงบที่คุณเข้าถึง","2200 | BU DIA | Message | Shine Your way | เปล่งประกายในงบที่คุณเข้าถึง | 1 - 31 May 26 [Other Province]",65+,unknown,1,3,,,0,THB,,,0,0.07000216,2026-05-01,2026-05-31
"2200 | BU DIA x Pearl | Message | Pearl of Grace | 1 - 31 May 26","[Page Pearl] Pearl of Grace | 1 - 31 May 26","2200 | BU DIA x Pearl | Message | Pearl of Grace | 1 - 31 May 26 [Other Province]",45-54,unknown,1,1,1,,1,THB,0.07,,100,0.07,2026-05-01,2026-05-31
"2200 | BU DIA | Engage | Wedding Package Aurora Diamond | 3 - 31 May 26","Wedding Package Aurora Diamond | 3 - 31 May 26","2200 | BU DIA | Engage | Wedding Package Aurora Diamond | 3 - 31 May 26 [BKK]",65+,unknown,1,1,,,0,THB,,,0,0.05000055,2026-05-01,2026-05-31
"2200 | BU DIA | Message | May Your Diamond Shine Forever - B | 16 - 31 May 26","May Your Diamond Shine Forever - B | 16 - 31 May 26","2200 | BU DIA | Message | May Your Diamond Shine Forever - B | 16 - 31 May 26",65+,unknown,1,2,,,0,THB,,,0,0.04,2026-05-01,2026-05-31
"2200 | BU DIA x Pearl | Message | Pearl of Grace | 1 - 31 May 26","[Page Pearl]  Pearl of Grace | 1 - 31 May 26","2200 | BU DIA x Pearl | Message | Pearl of Grace | 1 - 31 May 26 [BKK]",65+,unknown,4,4,,,0,THB,,,0,0.0300008,2026-05-01,2026-05-31
"2200 | BU DIA x Pearl | Message | Pearl of Grace | 1 - 31 May 26","[Page Pearl]  Pearl of Grace | 1 - 31 May 26","2200 | BU DIA x Pearl | Message | Pearl of Grace | 1 - 31 May 26 [BKK]",18-24,unknown,1,1,,,0,THB,,,0,0.03,2026-05-01,2026-05-31
"2200 | BU DIA x Pearl | Message | Pearl of Grace | 1 - 31 May 26","[Page Pearl] Pearl of Grace | 1 - 31 May 26","2200 | BU DIA x Pearl | Message | Pearl of Grace | 1 - 31 May 26 [Other Province]",55-64,male,1,1,,,0,THB,,,0,0.03,2026-05-01,2026-05-31
"2200 | BU DIA | Engage | Wedding Package Aurora Diamond | 3 - 31 May 26","Wedding Package Aurora Diamond | 3 - 31 May 26","2200 | BU DIA | Engage | Wedding Package Aurora Diamond | 3 - 31 May 26 [Other Province]",45-54,unknown,1,1,,,0,THB,,,0,0.01000172,2026-05-01,2026-05-31
"2200 | BU DIA x Pearl | Message | Pearl of Grace | 1 - 31 May 26","[Page Pearl] Pearl of Grace | 1 - 31 May 26","2200 | BU DIA x Pearl | Message | Pearl of Grace | 1 - 31 May 26 [Other Province]",55-64,unknown,1,1,,,0,THB,,,0,0.00999928,2026-05-01,2026-05-31
"2200 | BU DIA | Message | Summer Shine | LEVA Collection | 2 - 31 May 26","Summer Shine | LEVA Collection","2200 | BU DIA | Message | Summer Shine | LEVA Collection | 2 - 31 May 26 - Copy",65+,unknown,1,2,,,0,THB,,,0,0.00999893,2026-05-01,2026-05-31
"2200 | BU DIA | Message | Pearl Summer Duo sale | 1-30 April 26","Pearl Summer Duo sale | 1-30 April 26","2200 | BU DIA | Message | Pearl Summer Duo sale | 1-30 April 26 - [BKK]",35-44,female,0,0,,1,0,THB,,0,0,0,2026-05-01,2026-05-31
"2200 | BU DIA | Message | Shine Your Way | 18 - 30 April 26","Shine Your Way | 18 - 30 April 26","2200 | BU DIA | Message | Shine Your Way | 18 - 30 April 26 - [BKK]",35-44,female,0,0,,1,0,THB,,0,0,0,2026-05-01,2026-05-31
"2200 | BU DIA | Message | Shine Your Way | 18 - 30 April 26","Shine Your Way | 18 - 30 April 26","2200 | BU DIA | Message | Shine Your Way | 18 - 30 April 26 - [Other-Province]",35-44,female,0,0,,1,0,THB,,0,0,0,2026-05-01,2026-05-31
"2200 | BU DIA | Message | Pearl Summer Duo sale | 1-30 April 26","Pearl Summer Duo sale | 1-30 April 26","2200 | BU DIA | Message | Pearl Summer Duo sale | 1-30 April 26 - [BKK]",35-44,male,0,0,,1,0,THB,,0,0,0,2026-05-01,2026-05-31
